First Name,Last Name,Email,Phone,Gender,City,Country,Birthdate,Notes,cluster_id
Richard,Gonzalez,deanmiller@example.net,(588)419-7369x9356,Female,South Aprilborough,New Caledonia,1956-07-16,Democratic TV claim social. Democratic TV claim social. Democratic TV claim social.,0
Tonya,Raymond,rodriguezgeorge@example.net,(216)512-4906x52863,Male,New Luis,Luxembourg,1989-04-21,Bring state control authority explain. Bring state control authority explain. Bring state control authority explain.,1
Jennifer,Ross,melissa34@example.org,001-653-736-4717x641,Female,Adamstad,Puerto Rico,1974-08-02,Smile end indicate sell. Smile end indicate sell. Smile end indicate sell.,2
Kaitlyn,Stevenson,james01@example.com,(442)929-0600x58384,Male,Whitefort,Montserrat,1976-03-21,Wonder mother young model. Wonder mother young model. Wonder mother young model.,3
Brian,Hampton,washingtonjoshua@example.net,(418)338-2581x122,Male,East Nicholasville,Slovenia,1959-12-30,Run own three theory claim three. Run own three theory claim three. Run own three theory claim three.,4
Lisa,Phillips,csolis@example.com,(595)455-0649,Male,South Adamtown,Taiwan,1952-10-13,Picture article they consumer.,5
Kathryn,Phillips,aaronschneider@example.net,(471)529-3562x7915,Male,South Adamtown,Taiwan,1952-10-13,Picture article they consumer.,6
Jessica,Phillips,gclark@example.com,(595)455-0649,Male,South Adamtown,Taiwan,1952-10-13,Picture article they consumer.,7
Cheryl,Escobar,projas@example.org,+1-342-588-8133x83668,Male,Danielstad,Iceland,1956-03-08,Employee laugh want agree discuss part strong. Employee laugh want agree discuss part strong. Employee laugh want agree discuss part strong.,8
John,Hernandez,thompsonjeffrey@example.net,610-761-6157x686,Male,Boydview,Belarus,1949-05-30,Executive share top. Executive share top. Executive share top.,9
Joe,Steele,karenluna@example.org,577-859-1009x126,Female,Yeseniachester,Bosnia and Herzegovina,2007-02-26,History benefit especially money economic would. History benefit especially money economic would.,10
Kaitlyn,Steele,kingpeter@example.com,577-859-1009x126,Female,Yeseniachester,Bosnia and Herzegovina,2007-02-26,History benefit especially money economic would.,11
Carla,Robinson,maria48@example.com,+1-327-542-3582x8395,Male,Port Johnborough,Brazil,2003-01-07,Community never political become born. Community never political become born. Community never political become born.,12
Scott,Burch,jeffery20@example.net,683-238-9672x95828,Male,Antoniomouth,Jamaica,1977-01-01,Compare begin hospital. Compare begin hospital. Compare begin hospital.,13
Jonathon,Sellers,bryanbecker@example.org,(465)493-9194x462,Male,Port Tamaratown,Ukraine,1997-05-03,Matter feeling single writer. Matter feeling single writer. Matter feeling single writer.,14
Dawn,Gill,jessicalawson@example.org,+1-562-828-7490x0400,Female,Leview,New Caledonia,1978-03-02,Commercial wish reduce discussion toward theory Republican. Commercial wish reduce discussion toward theory Republican.,15
Andrew,Gill,kevinmorris@example.com,(424)752-0287x7475,Female,Leview,New Caledonia,1978-03-02,Commercial wish reduce discussion toward theory Republican.,16
Ashley,Vazquez,lpeters@example.org,338.516.5685x531,Female,North Crystalfurt,Cuba,1947-08-28,Measure what present yeah investment the. Measure what present yeah investment the. Measure what present yeah investment the.,17
Candice,Evans,emaxwell@example.org,+1-873-215-7066x50321,Female,East Stevenfort,Guinea,1974-10-08,During admit later cold western state. During admit later cold western state.,18
Sharon,Evans,laurenross@example.com,001-355-727-5477x07048,Female,East Stevenfort,Guinea,1974-10-08,During admit later cold western state.,19
Mallory,Hardin,ojackson@example.net,581-217-1131x5653,Female,Thomasberg,France,2005-03-17,Easy understand artist education usually. Easy understand artist education usually.,20
Wendy,Hardin,jasonpatterson@example.net,546.337.3480x357,Female,Thomasberg,France,2005-03-17,Easy understand artist education usually.,21
Angela,Robbins,josephallison@example.org,312-203-1111,Male,Lake Javierborough,Aruba,1956-04-06,Partner book team indicate deep. Partner book team indicate deep. Partner book team indicate deep.,22
John,Whitaker,rhodesscott@example.net,994.594.8728x785,Female,Natalieton,Barbados,1996-08-16,Section guess we picture lot notice leg.,23
John,Whitaker,matthewnunez@example.org,994.594.8728x785,Female,Natalieton,Barbados,1996-08-16,Section guess we picture lot notice leg.,24
Elizabeth,Whitaker,jeffrey89@example.org,001-979-627-4472x3940,Female,Natalieton,Barbados,1996-08-16,Section guess we picture lot notice leg.,25
Andres,Diaz,christynelson@example.org,(468)299-2853,Male,Johnmouth,Bosnia and Herzegovina,1996-10-25,So second relationship to. So second relationship to.,26
Jason,Diaz,ashleeclarke@example.com,(468)299-2853,Male,Johnmouth,Bosnia and Herzegovina,1996-10-25,So second relationship to.,27
Patricia,Pacheco,kristen23@example.net,(880)431-7967x03313,Female,Nicolefurt,Guernsey,1950-01-18,Degree mind move. Degree mind move. Degree mind move.,28
Allison,Diaz,steve96@example.net,001-220-919-8085x8470,Male,East Frank,Slovakia (Slovak Republic),1961-02-24,Matter later Republican tonight your wide around. Matter later Republican tonight your wide around.,29
Philip,Diaz,jonathanstark@example.org,001-220-919-8085x8470,Male,East Frank,Slovakia (Slovak Republic),1961-02-24,Matter later Republican tonight your wide around.,30
Danielle,Smith,ystokes@example.com,001-741-287-0532,Female,West Beckyburgh,Nicaragua,1963-05-16,Nation husband force. Nation husband force.,31
Sharon,Smith,eddie13@example.net,6413819681,Female,West Beckyburgh,Nicaragua,1963-05-16,Nation husband force.,32
James,Ford,gloria58@example.com,(413)297-2589x47190,Female,North Stephanieton,Guadeloupe,1954-12-02,Feel right top ok audience. Feel right top ok audience.,33
Laura,Ford,barbara32@example.org,001-662-730-9005x067,Female,North Stephanieton,Guadeloupe,1954-12-02,Feel right top ok audience.,34
Alejandra,Fisher,rachael31@example.com,5013199062,Female,Lake Tommy,Northern Mariana Islands,1994-11-11,Often understand industry professional enough. Often understand industry professional enough.,35
Kevin,Fisher,michael42@example.com,840-446-9371,Female,Lake Tommy,Northern Mariana Islands,1994-11-11,Often understand industry professional enough.,36
Peter,Andersen,brianhart@example.net,+1-593-601-0578,Female,Edwardburgh,Sweden,1984-10-18,Fund boy create hair family tree. Fund boy create hair family tree.,37
Pamela,Andersen,marioreyes@example.net,+1-593-601-0578,Female,Edwardburgh,Sweden,1984-10-18,Fund boy create hair family tree.,38
Dominic,Wall,cameron27@example.com,(957)696-3974x1192,Female,South Kristina,Japan,1973-11-09,Prove small a employee.,39
Yolanda,Wall,fosterantonio@example.net,(957)696-3974x1192,Female,South Kristina,Japan,1973-11-09,Prove small a employee.,40
Cameron,Wall,heatherperez@example.com,(957)696-3974x1192,Female,South Kristina,Japan,1973-11-09,Prove small a employee.,41
Dorothy,Adkins,blackjennifer@example.org,825-690-7798x27110,Male,Port Alyssamouth,North Macedonia,2003-09-23,Check few community. Check few community.,42
Nathaniel,Adkins,taylordiane@example.net,638-734-7802x826,Male,Port Alyssamouth,North Macedonia,2003-09-23,Check few community.,43
Amanda,Foster,kellyrose@example.net,001-513-856-0143,Male,South Javier,Sierra Leone,1957-03-24,Behind who until magazine during it. Behind who until magazine during it. Behind who until magazine during it.,44
Lacey,Young,norristracy@example.net,519-934-0836x317,Male,Marcusmouth,Kiribati,1954-08-22,Tax key him every movement car. Tax key him every movement car. Tax key him every movement car.,45
Elizabeth,Thomas,michelle05@example.org,(883)430-0479,Female,West Margaretstad,Romania,1992-02-18,Decide inside address sort top people hundred. Decide inside address sort top people hundred. Decide inside address sort top people hundred.,46
Taylor,Griffith,mary36@example.org,001-203-580-8215,Male,North Colinmouth,Germany,1954-06-23,Fast common risk benefit late. Fast common risk benefit late.,47
Christopher,Griffith,nicholsmatthew@example.com,915-641-0424x9471,Male,North Colinmouth,Germany,1954-06-23,Fast common risk benefit late.,48
Anthony,Miller,zgarcia@example.com,+1-399-502-3039x5389,Male,Lake Lisaville,Montenegro,1950-11-12,Through series generation it require. Through series generation it require. Through series generation it require.,49
Randy,Nicholson,justin46@example.com,+1-254-993-3496,Male,Port Lauren,Thailand,1964-01-03,Performance real late bring community kitchen blue.,50
Bruce,Nicholson,vwong@example.net,+1-254-993-3496,Male,Port Lauren,Thailand,1964-01-03,Performance real late bring community kitchen blue.,51
Jenna,Nicholson,kwilson@example.org,819-582-5453x032,Male,Port Lauren,Thailand,1964-01-03,Performance real late bring community kitchen blue.,52
Tina,Kane,jasmin88@example.net,+1-211-666-5420x653,Female,Powellland,Cocos (Keeling) Islands,2004-02-12,Chance minute enjoy which. Chance minute enjoy which.,53
Tamara,Kane,bdiaz@example.org,527-789-1389,Female,Powellland,Cocos (Keeling) Islands,2004-02-12,Chance minute enjoy which.,54
Kenneth,Ashley,jesse87@example.com,604-231-6126x13768,Male,Delgadoberg,Montserrat,1988-12-15,Its travel thousand maintain movement blue change.,55
Travis,Ashley,angela39@example.com,3739083000,Male,Delgadoberg,Montserrat,1988-12-15,Its travel thousand maintain movement blue change.,56
Megan,Ashley,ckane@example.net,611-611-7998,Male,Delgadoberg,Montserrat,1988-12-15,Its travel thousand maintain movement blue change.,57
Paige,Schroeder,rkelley@example.net,(474)500-0846x91798,Male,Port Christopher,Haiti,2001-06-09,Help hear religious mother expert young project cut. Help hear religious mother expert young project cut.,58
Elizabeth,Schroeder,knoxkenneth@example.org,001-522-306-0814x671,Male,Port Christopher,Haiti,2001-06-09,Help hear religious mother expert young project cut.,59
Heidi,Graves,jacob31@example.net,(554)826-2992x680,Female,Port Jackshire,Monaco,1970-08-05,Authority window something. Authority window something.,60
Kimberly,Graves,cynthia92@example.org,(554)826-2992x680,Female,Port Jackshire,Monaco,1970-08-05,Authority window something.,61
Tammy,Kerr,lesliepowers@example.org,+1-672-817-0042x95931,Male,North Charlesburgh,Falkland Islands (Malvinas),2005-08-18,Within understand exist exactly after play mission. Within understand exist exactly after play mission. Within understand exist exactly after play mission.,62
Kayla,Hernandez,cyoung@example.net,920-546-8526x172,Female,North Christinaborough,Ethiopia,1975-03-12,Commercial use mean thus. Commercial use mean thus. Commercial use mean thus.,63
Carlos,Morales,blacklisa@example.com,001-295-710-0860x08962,Female,Jamesborough,Spain,1991-02-16,Local mind Congress dark. Local mind Congress dark. Local mind Congress dark.,64
Michael,Castillo,pamela07@example.com,(765)721-6495x0696,Male,Hamiltonmouth,Fiji,1997-10-11,Local child why world party since thought. Local child why world party since thought. Local child why world party since thought.,65
Elizabeth,Bradley,marthaneal@example.com,393.856.5181,Male,Williamsonfort,Mongolia,2006-11-06,Significant bring might million painting management yard often. Significant bring might million painting management yard often. Significant bring might million painting management yard often.,66
Heather,Williamson,davidgarcia@example.org,4596692511,Female,Tracyfurt,Oman,1964-01-26,Public wall language where feel exist member. Public wall language where feel exist member.,67
Christopher,Williamson,david21@example.net,4596692511,Female,Tracyfurt,Oman,1964-01-26,Public wall language where feel exist member.,68
Jennifer,Valentine,melissawatts@example.net,(249)750-1333,Male,Anthonychester,Sweden,1978-07-25,Action member forward south visit safe. Action member forward south visit safe. Action member forward south visit safe.,69
Brandon,Ramos,wgoodman@example.com,886.738.7127,Female,South Patrick,Sao Tome and Principe,1958-12-20,Too theory speech maintain how somebody. Too theory speech maintain how somebody. Too theory speech maintain how somebody.,70
Mallory,Carroll,kirkjody@example.org,327-854-9814,Male,West Madisonborough,Eritrea,2001-10-15,Popular whether out top foreign important guy. Popular whether out top foreign important guy.,71
Victor,Carroll,rodriguezlaura@example.org,001-627-828-5812x831,Male,West Madisonborough,Eritrea,2001-10-15,Popular whether out top foreign important guy.,72
Jennifer,Pena,christine87@example.net,(262)673-9227,Male,West Tammy,Faroe Islands,1995-08-31,Lead mind tend task return deep just enter. Lead mind tend task return deep just enter. Lead mind tend task return deep just enter.,73
Jonathan,Oliver,qhall@example.com,655.995.7359x64441,Female,New Ryanton,Mali,1969-06-28,Attention energy himself carry local room. Attention energy himself carry local room. Attention energy himself carry local room.,74
Chelsea,Wilson,hughesjose@example.net,001-279-562-7064,Male,Gregoryberg,Saint Vincent and the Grenadines,1992-01-13,Part nation forward so. Part nation forward so. Part nation forward so.,75
Brian,Campbell,shawmartin@example.net,001-437-975-4439x519,Male,Lanemouth,Papua New Guinea,1999-06-02,After Mr I rise catch ready. After Mr I rise catch ready.,76
Bonnie,Campbell,joshua43@example.org,001-437-975-4439x519,Male,Lanemouth,Papua New Guinea,1999-06-02,After Mr I rise catch ready.,77
Cheryl,Hernandez,ann54@example.net,(786)500-1650,Male,Jacksonville,France,1979-07-03,Material bank authority large accept particularly. Material bank authority large accept particularly. Material bank authority large accept particularly.,78
Robert,Ball,coxkelly@example.net,001-435-367-0032,Female,Thomaston,Norfolk Island,2007-03-16,Husband several number send much. Husband several number send much.,79
Mary,Ball,michael01@example.org,001-435-367-0032,Female,Thomaston,Norfolk Island,2007-03-16,Husband several number send much.,80
Emily,Mendez,schultzkathleen@example.net,(636)287-3105,Male,South Markfurt,Micronesia,1964-10-14,Every care administration call lead. Every care administration call lead.,81
Jessica,Mendez,morganmiller@example.org,(636)287-3105,Male,South Markfurt,Micronesia,1964-10-14,Every care administration call lead.,82
Paula,Smith,edward87@example.org,(583)671-9884x583,Female,Dawsonbury,Reunion,2001-06-16,Data than indicate American. Data than indicate American.,83
Jeremiah,Smith,hilljustin@example.com,+1-892-577-7218x342,Female,Dawsonbury,Reunion,2001-06-16,Data than indicate American.,84
Michelle,Dunlap,cbryant@example.com,402.530.7956,Female,Andreaport,Belarus,1950-05-17,Side ten prevent real for large large. Side ten prevent real for large large. Side ten prevent real for large large.,85
Jamie,Carey,johnbender@example.net,364-420-1514x1397,Male,Buckleytown,China,1970-06-08,Likely main next at sea. Likely main next at sea. Likely main next at sea.,86
Troy,Banks,latoya43@example.com,(514)316-6352x16915,Male,Maymouth,Congo,1994-12-26,Name process doctor expect season. Name process doctor expect season. Name process doctor expect season.,87
Brandon,Jennings,jamescarr@example.org,(234)918-8646,Male,West Margaretfort,Afghanistan,1995-05-24,Financial receive community research worry really top. Financial receive community research worry really top.,88
Louis,Jennings,mark14@example.com,001-720-712-6341x55515,Male,West Margaretfort,Afghanistan,1995-05-24,Financial receive community research worry really top.,89
Evan,Cantu,wilsonjames@example.com,403.928.5385x3851,Female,Frederickside,United States Virgin Islands,1971-11-18,Expect rich eye. Expect rich eye. Expect rich eye.,90
Juan,Carroll,nramos@example.com,(444)814-9621,Male,Marshallborough,Cote d'Ivoire,1956-07-09,Follow whole movie prove. Follow whole movie prove. Follow whole movie prove.,91
Melinda,Hampton,nhughes@example.com,(418)338-2581x122,Male,East Nicholasville,Bosnia and Herzegovina,2001-03-26,Campaign participant effort small check.,92
Darrell,Stevenson,douglaswallace@example.net,+1-235-579-4043,Male,Bryantmouth,British Indian Ocean Territory (Chagos Archipelago),1977-03-23,Yourself why different bed close finish.,93
Shelby,Whitaker,morrisonzachary@example.com,953.351.0262,Male,Shellyside,Nicaragua,1956-08-09,Central toward exactly pattern.,94
Cindy,Escobar,juliehughes@example.net,574-453-8358,Female,Pughmouth,Chile,1995-05-21,Open past modern stage relate outside hair lose.,95
Diane,Gill,jeffrey25@example.org,001-819-454-1881x515,Male,West Benjaminburgh,Costa Rica,2001-09-12,Glass color government short determine discussion.,96
Joshua,Hampton,derrick27@example.com,+1-587-625-0135x94899,Female,West Steve,Benin,1959-09-18,View fact team international there fine girl.,97
Robert,Stevenson,james01@example.com,4557851452,Male,Whitefort,Mongolia,2004-09-10,Middle significant significant another forward.,98
Brandon,Gill,kevinmorris@example.com,(424)752-0287x7475,Male,Leview,Guernsey,1966-06-02,Tax education sit from production.,99
John,Hardin,krystal60@example.org,658.905.6579x9021,Female,Thomasberg,French Southern Territories,2003-05-09,Prove evidence also.,100
Leah,Ross,melissa34@example.org,001-653-736-4717x641,Male,Christophermouth,Equatorial Guinea,1944-08-07,Thus food chance culture magazine.,101
Savannah,Hampton,washingtonjoshua@example.net,(260)764-0965,Male,East Nicholasville,Bouvet Island (Bouvetoya),2003-06-01,Deep off goal Congress.,102
Leslie,Evans,mark61@example.org,001-355-727-5477x07048,Male,East Stevenfort,Benin,1986-07-25,Citizen respond discuss produce as.,103
Danielle,Escobar,daniel78@example.net,+1-342-588-8133x83668,Female,Danielstad,Rwanda,1967-04-23,Impact different election risk action.,104
Michelle,Sellers,calvinwall@example.com,001-349-995-0531,Female,Williamstown,Saint Vincent and the Grenadines,1988-11-05,Throughout state today sea process course.,105
Jonathan,Evans,laurenross@example.com,001-355-727-5477x07048,Male,East Stevenfort,Belgium,1969-08-09,Behavior head hit society pull.,106
Sarah,Burch,vbell@example.net,683-238-9672x95828,Male,Christinefort,Romania,1956-06-09,Tend choose mother however particularly.,107
Teresa,Escobar,rgilbert@example.com,724.377.5000,Male,Danielstad,Tuvalu,1975-07-24,World either career history team bill ahead too.,108
Aaron,Raymond,rodriguezgeorge@example.net,(672)338-6665,Female,New Luis,Guinea-Bissau,1967-09-15,General check after.,109
Timothy,Evans,alvarezandrew@example.com,706-650-2555,Male,East Stevenfort,Peru,1977-06-20,Small father small rock.,110
Jonathan,Hampton,devon19@example.com,(985)741-4913x7449,Male,Sarahland,Iran,1978-03-21,Provide recent charge light assume kid.,111
